time,track_name,artist_name,size,filename
2015-11-11T15:33:05-05:00,Test Track,Lady Gaga,25,piano.wav
2015-11-11T15:33:05-05:00,Test Track,Lady Gaga,25,piano.wav
2015-11-11T15:33:05-05:00,Test Track,Lady Gaga,25,piano.wav
2015-11-11T15:33:05-05:00,Test Track,Lady Gaga,40,piano.wav
2015-11-11T15:33:05-05:00,Test Track,Lady Gaga,40,piano.wav
2015-11-11T15:33:05-05:00,Test Track,Lady Gaga,40,piano.wav
2015-11-11T15:33:05-05:00,Test Track,Lady Gaga,40,piano.wav
2015-11-11T15:33:05-05:00,Test Track,Lady Gaga,40,piano.wav
2015-11-11T15:33:05-05:00,Test Track,Lady Gaga,40,piano.wav
2015-11-11T15:33:05-05:00,Test Track,Lady Gaga,25,piano.wav
2015-11-11T15:33:05-05:00,Test Track,Lady Gaga,25,piano.wav
2015-11-11T15:33:05-05:00,Test Track,Lady Gaga,25,piano.wav
2015-11-11T15:33:05-05:00,Test Track,Lady Gaga,25,piano.wav
2015-11-11T15:33:05-05:00,Test Track,Lady Gaga,25,piano.wav
2015-11-11T15:33:05-05:00,Test Track,Lady Gaga,40,piano.wav
2015-11-11T15:33:05-05:00,Test Track,Lady Gaga,40,piano.wav
2015-11-11T15:33:05-05:00,Test Track,Lady Gaga,40,piano.wav
2015-11-11T15:33:05-05:00,Test Track,Lady Gaga,40,piano.wav
2015-11-11T15:33:05-05:00,Test Track,Lady Gaga,40,piano.wav
2015-11-11T15:33:05-05:00,Test Track,Lady Gaga,40,piano.wav
2015-11-11T15:33:05-05:00,Test Track,Lady Gaga,25,piano.wav
2015-11-11T15:33:05-05:00,Test Track,Lady Gaga,25,piano.wav
